{"cameraMode":{"drawMode":0,"name":"Shaded","section":"Shading Mode"},"sceneLighting":false,"audioPlay":false,"sceneViewState":{"m_AlwaysRefresh":false,"showFog":true,"showSkybox":false,"showFlares":true,"showImageEffects":true,"showParticleSystems":true,"showVisualEffectGraphs":true,"m_FxEnabled":false},"in2DMode":false,"pivot":{"x":-0.0021216869354248049,"y":0.4855649471282959,"z":-0.007298111915588379},"rotation":{"x":0.19069065153598786,"y":-0.19637931883335114,"z":0.03915124014019966,"w":0.9610639214515686},"size":0.988278865814209,"orthographic":false}